<?xml version="1.0" encoding="UTF-8"?>
<!DOCTYPE hibernate-configuration SYSTEM 
"http://www.hibernate.org/dtd/hibernate-configuration-3.0.dtd">

<hibernate-configuration>
   <session-factory>
   <property name="hibernate.dialect">
      org.hibernate.dialect.MySQL5Dialect
   </property>
   <property name="hibernate.connection.driver_class">
      com.mysql.jdbc.Driver
   </property>

   <!-- Assume test is the database name -->
   <property name="hibernate.connection.url">
      jdbc:mysql://localhost/DAG
   </property>
   <property name="hibernate.connection.useSSL">
      false
   </property>
   <property name="hibernate.connection.username">
      root
   </property>
   <property name="hibernate.connection.password">
      dev123
   </property>
    
   <property name="show_sql">true</property>
   <property name="hbm2ddl.auto">update</property>
	
	<property name="javax.persistence.validation.mode">none</property>
	
	<property name="hibernate.cache.region.factory_class">
         org.hibernate.cache.ehcache.EhCacheRegionFactory</property>
        
     <property name="hibernate.cache.region.factory_class">
         org.hibernate.cache.ehcache.SingletonEhCacheRegionFactory</property>
         
         <property name="hibernate.cache.use_second_level_cache">true</property>
         <property name="hibernate.cache.use_query_cache">true</property>
	
</session-factory>
</hibernate-configuration>